model,freeze,head_type,subset_ratio,pct_data,seed,n_train,f1,auroc,clip_f1,clip_auroc,micro_f1,macro_f1,clin_sensitivity,clin_specificity,clin_f1,checkpoint_dir,sens_mayo0,sens_mayo1,sens_mayo2,sens_mayo3,spec_mayo0,spec_mayo1,spec_mayo2,spec_mayo3
efficientnetb0,finetune,linear,0.1,10,42,814,0.342,0.636,0.234,0.759,0.565597667638484,0.3425042287842369,0.35887850467289717,0.8669491525423729,0.4343891402714932,output/mes/models/efficientnetb0/0/linear/20260609_235743,0.8860759493670886,0.034482758620689655,0.18243243243243243,0.28451882845188287,0.43285528031290743,0.9440323668240054,0.9027484143763214,0.9397018970189702
vits16_imagenet,finetune,linear,0.1,10,42,814,0.319,0.767,0.355,0.738,0.6,0.31894960423565544,0.5046728971962616,0.9033898305084745,0.5875952121871599,output/mes/models/vits16_imagenet/0/linear/20260609_235746,0.95042194092827,0.01293103448275862,0.0,0.5230125523012552,0.5501955671447197,0.9447066756574511,0.9654686398872445,0.8577235772357723
resnet50_imagenet,finetune,linear,0.1,10,42,814,0.127,0.458,0.136,0.294,0.21049562682215744,0.12715936550261048,0.708411214953271,0.19745762711864406,0.4073078989790435,output/mes/models/resnet50_imagenet/0/linear/20260610_001251,0.17932489451476794,0.0,0.6385135135135135,0.008368200836820083,0.7405475880052151,0.9865138233310856,0.20507399577167018,0.9952574525745257
vits16_gastronet,finetune,linear,0.1,10,42,814,0.378,0.745,0.355,0.759,0.6402332361516035,0.3783914685435503,0.6056074766355141,0.923728813559322,0.6828240252897787,output/mes/models/vits16_gastronet/0/linear/20260610_001255,0.9651898734177216,0.07758620689655173,0.02027027027027027,0.6652719665271967,0.6010430247718384,0.9581928523263655,0.9760394644115574,0.8543360433604336
resnet50_200K,finetune,linear,0.1,10,42,814,0.364,0.717,0.292,0.762,0.602332361516035,0.36410094502445184,0.5906542056074766,0.8754237288135593,0.6332665330661322,output/mes/models/resnet50_200K/0/linear/20260610_001635,0.9113924050632911,0.09482758620689655,0.02027027027027027,0.5899581589958159,0.7196870925684485,0.8981793661496965,0.9372797744890768,0.8462059620596206
resnet50_1M,finetune,linear,0.1,10,42,814,0.386,0.742,0.355,0.844,0.6279883381924198,0.3861531703408202,0.6523364485981309,0.8813559322033898,0.681640625,output/mes/models/resnet50_1M/0/linear/20260610_002109,0.9135021097046413,0.10775862068965517,0.016891891891891893,0.7573221757322176,0.6857887874837028,0.9366149696561025,0.9718111346018323,0.8218157181571816
efficientnetb0,finetune,linear,0.1,10,84,1076,0.207,0.55,0.2,0.703,0.20524781341107873,0.20691769701227342,0.5327102803738317,0.4322033898305085,0.3825503355704698,output/mes/models/efficientnetb0/0/linear/20260610_003239,0.12130801687763713,0.3922413793103448,0.1891891891891892,0.37656903765690375,0.9126466753585397,0.6716115981119353,0.8766737138830162,0.5704607046070461
vits16_imagenet,finetune,linear,0.1,10,84,1076,0.267,0.551,0.281,0.647,0.3142857142857143,0.26769001782874957,0.30467289719626167,0.8652542372881356,0.38039673278879815,output/mes/models/vits16_imagenet/0/linear/20260610_003648,0.3670886075949367,0.3620689655172414,0.2972972972972973,0.0794979079497908,0.6714471968709257,0.5219150370869858,0.916138125440451,0.9349593495934959
resnet50_5M,finetune,linear,0.1,10,42,814,0.37,0.727,0.355,0.775,0.6274052478134111,0.3706515882503008,0.6485981308411215,0.8559322033898306,0.6596958174904943,output/mes/models/resnet50_5M/0/linear/20260610_003026,0.9324894514767933,0.07758620689655173,0.016891891891891893,0.7071129707112971,0.711864406779661,0.9494268374915711,0.9647639182522904,0.801490514905149
vits16_gastronet,finetune,linear,0.1,10,84,1076,0.279,0.596,0.311,0.714,0.46122448979591835,0.27926108332910127,0.4616822429906542,0.7567796610169492,0.46211412535079516,output/mes/models/vits16_gastronet/0/linear/20260610_004236,0.7078059071729957,0.04741379310344827,0.060810810810810814,0.3807531380753138,0.5475880052151239,0.8975050573162509,0.8935870331219169,0.8143631436314364
resnet50_imagenet,finetune,linear,0.1,10,84,1076,0.267,0.462,0.298,0.614,0.4507288629737609,0.2668785361073086,0.3233644859813084,0.7186440677966102,0.3326923076923077,output/mes/models/resnet50_imagenet/0/linear/20260610_004047,0.6940928270042194,0.06896551724137931,0.006756756756756757,0.40585774058577406,0.4980443285528031,0.8981793661496965,0.9083861874559549,0.8130081300813008
resnet50_1M,finetune,linear,0.1,10,84,1076,0.165,0.462,0.171,0.417,0.2075801749271137,0.16437647907647907,0.902803738317757,0.21610169491525424,0.4971693257848688,output/mes/models/resnet50_1M/0/linear/20260610_005042,0.19198312236286919,0.0,0.12837837837837837,0.5690376569037657,0.8435462842242504,0.9966284558327714,0.5250176180408739,0.6205962059620597
resnet50_200K,finetune,linear,0.1,10,84,1076,0.269,0.524,0.315,0.687,0.42448979591836733,0.2690669862231039,0.5158878504672897,0.7042372881355933,0.47586206896551725,output/mes/models/resnet50_200K/0/linear/20260610_004729,0.6170886075949367,0.0603448275862069,0.030405405405405407,0.502092050209205,0.6753585397653195,0.8368172623061362,0.9295278365045807,0.7317073170731707
resnet50_5M,finetune,linear,0.1,10,84,1076,0.292,0.569,0.302,0.712,0.4513119533527697,0.29196916131599415,0.5813084112149532,0.6466101694915254,0.4924782264449723,output/mes/models/resnet50_5M/0/linear/20260610_005437,0.6434599156118144,0.08189655172413793,0.02364864864864865,0.5774058577405857,0.78748370273794,0.868509777478085,0.8900634249471459,0.7107046070460704
efficientnetb0,finetune,linear,0.1,10,128,889,0.338,0.656,0.37,0.713,0.4402332361516035,0.3384637043134868,0.5102803738317757,0.7457627118644068,0.4927797833935018,output/mes/models/efficientnetb0/0/linear/20260610_005441,0.5390295358649789,0.4482758620689655,0.02364864864864865,0.5564853556485355,0.6349413298565841,0.8334457181389077,0.9337561663143058,0.7703252032520326
vits16_imagenet,finetune,linear,0.1,10,128,889,0.217,0.59,0.144,0.717,0.2600583090379009,0.21710317495653964,0.8336448598130841,0.31864406779661014,0.4997198879551821,output/mes/models/vits16_imagenet/0/linear/20260610_010205,0.19514767932489452,0.1206896551724138,0.0945945945945946,0.8577405857740585,0.8735332464146024,0.8954821308159137,0.9238900634249472,0.38414634146341464
resnet50_imagenet,finetune,linear,0.1,10,128,889,0.248,0.665,0.14,0.765,0.2868804664723032,0.24826883172848851,0.9196261682242991,0.373728813559322,0.5571913929784824,output/mes/models/resnet50_imagenet/0/linear/20260610_010228,0.15611814345991562,0.45689655172413796,0.0,0.99581589958159,0.9308996088657105,0.8806473364801078,1.0,0.32723577235772355
vits16_gastronet,finetune,linear,0.1,10,128,889,0.397,0.702,0.481,0.794,0.5341107871720117,0.39661806744290035,0.5869158878504673,0.8042372881355933,0.5814814814814815,output/mes/models/vits16_gastronet/0/linear/20260610_010550,0.6772151898734177,0.3922413793103448,0.02027027027027027,0.7405857740585774,0.5801825293350718,0.9224544841537424,0.992952783650458,0.7615176151761518
resnet50_200K,finetune,linear,0.1,10,128,889,0.342,0.69,0.359,0.747,0.4198250728862974,0.3427321998361148,0.7551401869158878,0.7076271186440678,0.6292834890965732,output/mes/models/resnet50_200K/0/linear/20260610_010804,0.4177215189873418,0.5517241379310345,0.02364864864864865,0.7907949790794979,0.7601043024771839,0.8260283209710048,0.981677237491191,0.6429539295392954
resnet50_1M,finetune,linear,0.1,10,128,889,0.391,0.741,0.538,0.844,0.5498542274052478,0.39110302288194887,0.5532710280373832,0.8610169491525423,0.5949748743718593,output/mes/models/resnet50_1M/0/linear/20260610_011048,0.740506329113924,0.4870689655172414,0.0,0.5355648535564853,0.5932203389830508,0.9136884693189481,0.9936575052854123,0.7811653116531165
resnet50_5M,finetune,linear,0.1,10,128,889,0.339,0.671,0.52,0.765,0.4606413994169096,0.33970736479973795,0.6710280373831776,0.6940677966101695,0.5721115537848606,output/mes/models/resnet50_5M/0/linear/20260610_011337,0.5675105485232067,0.33620689655172414,0.010135135135135136,0.7154811715481172,0.7249022164276402,0.8867161159811193,0.9577167019027484,0.6707317073170732
efficientnetb0,finetune,linear,0.1,10,256,880,0.235,0.511,0.125,0.5,0.3795918367346939,0.2350625629628923,0.1308411214953271,0.8813559322033898,0.18791946308724833,output/mes/models/efficientnetb0/0/linear/20260610_011655,0.570675105485232,0.3448275862068966,0.030405405405405407,0.08786610878661087,0.3833116036505867,0.7228590694538098,0.930937279774489,0.9444444444444444
resnet50_imagenet,finetune,linear,0.1,10,256,880,0.097,0.446,0.052,0.232,0.13819241982507288,0.09756116069010402,0.1233644859813084,0.8627118644067797,0.17300131061598953,output/mes/models/resnet50_imagenet/0/linear/20260610_012038,0.005274261603375527,0.8836206896551724,0.060810810810810814,0.03765690376569038,0.9804432855280313,0.1490222521915037,0.9302325581395349,0.9308943089430894
vits16_imagenet,finetune,linear,0.1,10,256,880,0.263,0.618,0.267,0.691,0.353935860058309,0.2633595825224552,0.6747663551401869,0.5771186440677966,0.5175627240143369,output/mes/models/vits16_imagenet/0/linear/20260610_012025,0.37130801687763715,0.23706896551724138,0.006756756756756757,0.8284518828451883,0.7444589308996089,0.830074173971679,0.9894291754756871,0.5630081300813008
vits16_gastronet,finetune,linear,0.1,10,256,880,0.25,0.498,0.263,0.605,0.3801749271137026,0.2501198271013186,0.5158878504672897,0.6669491525423729,0.4584717607973422,output/mes/models/vits16_gastronet/0/linear/20260610_012423,0.5158227848101266,0.15948275862068967,0.0,0.5271966527196653,0.6140808344198174,0.8489548213081591,0.9809725158562368,0.6504065040650406
resnet50_200K,finetune,linear,0.1,10,256,880,0.361,0.685,0.456,0.851,0.5072886297376094,0.36115437403566686,0.5271028037383177,0.8076271186440678,0.5402298850574713,output/mes/models/resnet50_200K/0/linear/20260610_012444,0.6782700421940928,0.41810344827586204,0.006756756756756757,0.5355648535564853,0.5684485006518905,0.908968307484828,0.9985905567300916,0.744579945799458
resnet50_1M,finetune,linear,0.1,10,256,880,0.342,0.75,0.304,0.934,0.49737609329446064,0.3422332571384533,0.8803738317757009,0.6567796610169492,0.667611622962438,output/mes/models/resnet50_1M/0/linear/20260610_012827,0.6086497890295358,0.1810344827586207,0.0,0.9790794979079498,0.7522816166883963,0.9797707349966285,1.0,0.5650406504065041
resnet50_5M,finetune,linear,0.1,10,256,880,0.313,0.678,0.271,0.856,0.4268221574344023,0.31367047214590643,0.8728971962616823,0.5813559322033899,0.6243315508021391,output/mes/models/resnet50_5M/0/linear/20260610_012947,0.46729957805907174,0.23275862068965517,0.010135135135135136,0.9707112970711297,0.8565840938722294,0.9008766014834795,0.9809725158562368,0.5264227642276422
efficientnetb0,finetune,linear,0.1,10,364,900,0.291,0.617,0.21,0.749,0.30670553935860057,0.291233706656963,0.44672897196261685,0.688135593220339,0.4185639229422067,output/mes/models/efficientnetb0/0/linear/20260610_013503,0.2489451476793249,0.6077586206896551,0.16216216216216217,0.4225941422594142,0.8357235984354628,0.5920431557653405,0.8534178999295279,0.8306233062330624
vits16_imagenet,finetune,linear,0.1,10,364,900,0.329,0.66,0.384,0.864,0.45597667638483963,0.32976180626376755,0.5214953271028038,0.7491525423728813,0.5027027027027027,output/mes/models/vits16_imagenet/0/linear/20260610_013540,0.6012658227848101,0.2413793103448276,0.05405405405405406,0.5857740585774058,0.5410691003911343,0.8907619689817937,0.971106412966878,0.7439024390243902
resnet50_imagenet,finetune,linear,0.1,10,364,900,0.214,0.57,0.234,0.594,0.21574344023323616,0.21395488515421637,0.7046728971962617,0.45677966101694917,0.4855119124275596,output/mes/models/resnet50_imagenet/0/linear/20260610_013936,0.09915611814345991,0.25862068965517243,0.19594594594594594,0.6610878661087866,0.9452411994784876,0.6621712744436952,0.8928823114869626,0.559620596205962
vits16_gastronet,finetune,linear,0.1,10,364,900,0.431,0.784,0.344,0.809,0.6448979591836734,0.43115971600591413,0.7289719626168224,0.8847457627118644,0.7351555136663525,output/mes/models/vits16_gastronet/0/linear/20260610_014011,0.8892405063291139,0.2672413793103448,0.0,0.8410041841004184,0.7027379400260756,0.9622387053270398,0.9901338971106413,0.7892953929539296
resnet50_1M,finetune,linear,0.1,10,364,900,0.419,0.774,0.339,0.799,0.6239067055393586,0.41870833329804913,0.7588785046728972,0.8542372881355932,0.7295597484276729,output/mes/models/resnet50_1M/0/linear/20260610_014609,0.8523206751054853,0.2413793103448276,0.0033783783783783786,0.8577405857740585,0.6897001303780965,0.9763991908293999,0.9901338971106413,0.7574525745257452
resnet50_200K,finetune,linear,0.1,10,364,900,0.44,0.792,0.355,0.831,0.6618075801749271,0.4398404768275861,0.6878504672897197,0.9364406779661016,0.7525562372188139,output/mes/models/resnet50_200K/0/linear/20260610_014351,0.9451476793248945,0.23275862068965517,0.013513513513513514,0.7573221757322176,0.6088657105606258,0.9851652056641942,0.9880197322057788,0.8367208672086721
efficientnetb0,finetune,linear,0.1,10,420,1005,0.248,0.562,0.263,0.679,0.3032069970845481,0.24839115933281014,0.7289719626168224,0.36271186440677966,0.46511627906976744,output/mes/models/efficientnetb0/0/linear/20260610_015656,0.3280590717299578,0.06465517241379311,0.33783783783783783,0.39330543933054396,0.834419817470665,0.9190829399865138,0.696969696969697,0.6490514905149052
resnet50_5M,finetune,linear,0.1,10,364,900,0.399,0.714,0.504,0.792,0.565597667638484,0.3995794650924769,0.8205607476635514,0.7364406779661017,0.6832684824902724,output/mes/models/resnet50_5M/0/linear/20260610_015451,0.7215189873417721,0.2413793103448276,0.02702702702702703,0.9288702928870293,0.817470664928292,0.942683749157114,0.9577167019027484,0.6883468834688347
vits16_imagenet,finetune,linear,0.1,10,420,1005,0.218,0.578,0.125,0.627,0.4262390670553936,0.21841460138594448,0.17943925233644858,0.7050847457627119,0.1961184882533197,output/mes/models/vits16_imagenet/0/linear/20260610_020048,0.7120253164556962,0.004310344827586207,0.02702702702702703,0.19665271966527198,0.32985658409387225,0.9453809844908968,0.8477801268498943,0.8827913279132791
resnet50_imagenet,finetune,linear,0.1,10,420,1005,0.181,0.465,0.125,0.582,0.4489795918367347,0.18117015295241826,0.056074766355140186,0.7669491525423728,0.07142857142857142,output/mes/models/resnet50_imagenet/0/linear/20260610_020053,0.7985232067510548,0.004310344827586207,0.010135135135135136,0.03765690376569038,0.18904823989569752,0.9797707349966285,0.8505990133897111,0.9451219512195121
vits16_gastronet,finetune,linear,0.1,10,420,1005,0.214,0.534,0.125,0.594,0.47346938775510206,0.2150383969142773,0.08971962616822429,0.773728813559322,0.11294117647058824,output/mes/models/vits16_gastronet/0/linear/20260610_021027,0.8248945147679325,0.008620689655172414,0.0,0.11715481171548117,0.2242503259452412,0.98583951449764,0.8393234672304439,0.9600271002710027
resnet50_200K,finetune,linear,0.1,10,420,1005,0.255,0.51,0.281,0.647,0.3620991253644315,0.25532825029898454,0.5887850467289719,0.5220338983050847,0.44554455445544555,output/mes/models/resnet50_200K/0/linear/20260610_021652,0.48523206751054854,0.03017241379310345,0.033783783783783786,0.602510460251046,0.8057366362451108,0.851652056641942,0.7702607470049331,0.7296747967479674
resnet50_1M,finetune,linear,0.1,10,420,1005,0.28,0.527,0.311,0.601,0.4833819241982507,0.28035167406234196,0.44299065420560746,0.7559322033898305,0.44716981132075473,output/mes/models/resnet50_1M/0/linear/20260610_021656,0.7510548523206751,0.017241379310344827,0.013513513513513514,0.4560669456066946,0.5410691003911343,0.9177343223196224,0.8745595489781536,0.8414634146341463
resnet50_5M,finetune,linear,0.1,10,420,1005,0.232,0.54,0.417,0.699,0.2594752186588921,0.23248921094206054,0.6953271028037383,0.3016949152542373,0.42980935875216636,output/mes/models/resnet50_5M/0/linear/20260610_022255,0.22257383966244726,0.03017241379310345,0.4966216216216216,0.33472803347280333,0.9804432855280313,0.8071476736345247,0.4714587737843552,0.8516260162601627
efficientnetb0,finetune,linear,0.25,25,42,2027,0.302,0.588,0.341,0.633,0.3107871720116618,0.3026291650317562,0.6635514018691588,0.5550847457627118,0.5017667844522968,output/mes/models/efficientnetb0/0/linear/20260610_022510,0.23417721518987342,0.3232758620689655,0.5,0.3682008368200837,0.7705345501955672,0.75590020229265,0.7596899224806202,0.7947154471544715
vits16_imagenet,finetune,linear,0.25,25,42,2027,0.315,0.634,0.183,0.691,0.4553935860058309,0.315265674088857,0.37570093457943926,0.6483050847457628,0.3492615117289314,output/mes/models/vits16_imagenet/0/linear/20260610_022816,0.6392405063291139,0.07758620689655173,0.3581081081081081,0.21338912133891214,0.4498044328552803,0.9642616318273769,0.7914023960535589,0.8895663956639567
resnet50_imagenet,finetune,linear,0.25,25,42,2027,0.182,0.443,0.131,0.438,0.33877551020408164,0.18228427109003145,0.27289719626168224,0.6610169491525424,0.27012025901942643,output/mes/models/resnet50_imagenet/0/linear/20260610_023025,0.5464135021097046,0.021551724137931036,0.0033783783783783786,0.2384937238493724,0.45632333767926986,0.8455832771409305,0.97815362931642,0.690379403794038
resnet50_200K,finetune,linear,0.25,25,42,2027,0.227,0.484,0.189,0.58,0.27988338192419826,0.22691110867013148,0.23551401869158878,0.7245762711864406,0.25557809330628806,output/mes/models/resnet50_200K/0/linear/20260610_023511,0.28270042194092826,0.603448275862069,0.20945945945945946,0.04184100418410042,0.5997392438070405,0.6298044504383007,0.8019732205778718,0.9336043360433605
vits16_gastronet,finetune,linear,0.25,25,42,2027,0.291,0.633,0.311,0.717,0.5685131195335277,0.29150107835217626,0.37383177570093457,0.9313559322033899,0.49019607843137253,output/mes/models/vits16_gastronet/0/linear/20260610_023400,0.9345991561181435,0.004310344827586207,0.057432432432432436,0.29707112970711297,0.32985658409387225,0.9777478084962913,0.9704016913319239,0.8976964769647696
resnet50_1M,finetune,linear,0.25,25,42,2027,0.293,0.597,0.336,0.74,0.4641399416909621,0.2936568972649916,0.5588785046728972,0.7067796610169491,0.5067796610169492,output/mes/models/resnet50_1M/0/linear/20260610_024002,0.6782700421940928,0.021551724137931036,0.11148648648648649,0.4811715481171548,0.5997392438070405,0.9224544841537424,0.8844256518675123,0.774390243902439
efficientnetb0,finetune,linear,0.25,25,84,1809,0.39,0.687,0.511,0.793,0.4163265306122449,0.39066826118587894,0.7177570093457943,0.5796610169491525,0.542756183745583,output/mes/models/efficientnetb0/0/linear/20260610_024659,0.38924050632911394,0.39655172413793105,0.34121621621621623,0.6359832635983264,0.7640156453715776,0.8698583951449764,0.7850599013389711,0.7818428184281843
resnet50_5M,finetune,linear,0.25,25,42,2027,0.321,0.602,0.141,0.713,0.5685131195335277,0.32081466662098673,0.32897196261682243,0.9245762711864407,0.44,output/mes/models/resnet50_5M/0/linear/20260610_024245,0.9124472573839663,0.004310344827586207,0.18243243243243243,0.2301255230125523,0.26597131681877445,0.98583951449764,0.9478505990133897,0.9444444444444444
resnet50_imagenet,finetune,linear,0.25,25,84,1809,0.334,0.683,0.256,0.735,0.3795918367346939,0.3343670612464664,0.8261682242990654,0.37966101694915255,0.5172615564657694,output/mes/models/resnet50_imagenet/0/linear/20260610_025325,0.33860759493670883,0.12931034482758622,0.38513513513513514,0.7782426778242678,0.8305084745762712,0.959541469993257,0.7470049330514447,0.6510840108401084
vits16_imagenet,finetune,linear,0.25,25,84,1809,0.336,0.75,0.234,0.749,0.5924198250728863,0.33582487718638443,0.41495327102803736,0.9194915254237288,0.5211267605633803,output/mes/models/vits16_imagenet/0/linear/20260610_025304,0.9430379746835443,0.0603448275862069,0.02027027027027027,0.42677824267782427,0.3859191655801825,0.9871881321645314,0.9443269908386187,0.9119241192411924
vits16_gastronet,finetune,linear,0.25,25,84,1809,0.338,0.77,0.311,0.761,0.6087463556851312,0.33845435849657524,0.5271028037383177,0.9,0.6032085561497326,output/mes/models/vits16_gastronet/0/linear/20260610_025910,0.939873417721519,0.004310344827586207,0.010135135135135136,0.6234309623430963,0.4641460234680574,0.9919082939986514,0.9422128259337562,0.8875338753387534
resnet50_1M,finetune,linear,0.25,25,84,1809,0.38,0.75,0.34,0.856,0.5451895043731778,0.3805421944800086,0.8261682242990654,0.711864406779661,0.6712224753227031,output/mes/models/resnet50_1M/0/linear/20260610_030652,0.7014767932489452,0.21982758620689655,0.010135135135135136,0.9037656903765691,0.803129074315515,0.9554956169925826,0.9443269908386187,0.6720867208672087
resnet50_200K,finetune,linear,0.25,25,84,1809,0.365,0.74,0.339,0.805,0.6104956268221574,0.36549075075279835,0.7065420560747664,0.8313559322033899,0.6798561151079137,output/mes/models/resnet50_200K/0/linear/20260610_030527,0.9029535864978903,0.07327586206896551,0.0033783783783783786,0.7238493723849372,0.6766623207301173,0.9885367498314228,0.9182522903453136,0.8055555555555556
efficientnetb0,finetune,linear,0.25,25,128,1946,0.293,0.57,0.264,0.699,0.49912536443148686,0.2938990013589854,0.405607476635514,0.7008474576271186,0.3927601809954751,output/mes/models/efficientnetb0/0/linear/20260610_031442,0.7552742616033755,0.008620689655172414,0.3547297297297297,0.13807531380753138,0.4810951760104302,0.9804450438300741,0.7540521494009866,0.9437669376693767
resnet50_5M,finetune,linear,0.25,25,84,1809,0.377,0.763,0.355,0.796,0.6268221574344023,0.3773955422057487,0.6242990654205608,0.8847457627118644,0.6646766169154229,output/mes/models/resnet50_5M/0/linear/20260610_031311,0.9440928270042194,0.09913793103448276,0.006756756756756757,0.6485355648535565,0.5867014341590613,0.9932569116655429,0.9415081042988019,0.8441734417344173
vits16_imagenet,finetune,linear,0.25,25,128,1946,0.269,0.584,0.454,0.676,0.3469387755102041,0.2697688975438336,0.5981308411214953,0.42542372881355933,0.41748206131767773,output/mes/models/vits16_imagenet/0/linear/20260610_032449,0.41350210970464135,0.034482758620689655,0.25675675675675674,0.497907949790795,0.7079530638852672,0.9372892784895482,0.6575052854122622,0.785230352303523
resnet50_imagenet,finetune,linear,0.25,25,128,1946,0.235,0.481,0.131,0.549,0.4425655976676385,0.23489046195604735,0.24299065420560748,0.6610169491525424,0.24413145539906103,output/mes/models/resnet50_imagenet/0/linear/20260610_032649,0.7088607594936709,0.004310344827586207,0.23310810810810811,0.07112970711297072,0.34810951760104303,0.9919082939986514,0.7033121916842847,0.9844173441734417
vits16_gastronet,finetune,linear,0.25,25,128,1946,0.239,0.647,0.125,0.65,0.4833819241982507,0.2391242615133495,0.17383177570093458,0.7516949152542373,0.20195439739413681,output/mes/models/vits16_gastronet/0/linear/20260610_033033,0.8175105485232067,0.008620689655172414,0.0945945945945946,0.100418410041841,0.3272490221642764,0.9757248819959542,0.792107117688513,0.9735772357723578
resnet50_1M,finetune,linear,0.25,25,128,1946,0.313,0.584,0.299,0.668,0.49504373177842564,0.313628890235818,0.502803738317757,0.6889830508474576,0.4594363791631085,output/mes/models/resnet50_1M/0/linear/20260610_033754,0.7457805907172996,0.021551724137931036,0.11486486486486487,0.4309623430962343,0.5554106910039114,0.9824679703304113,0.7653276955602537,0.8875338753387534
resnet50_200K,finetune,linear,0.25,25,128,1946,0.266,0.567,0.212,0.68,0.46122448979591835,0.26618491762673047,0.3644859813084112,0.6796610169491526,0.351985559566787,output/mes/models/resnet50_200K/0/linear/20260610_033553,0.7362869198312236,0.021551724137931036,0.13851351351351351,0.19665271966527198,0.48239895697522817,0.9716790289952798,0.7477096546863988,0.9139566395663956
resnet50_5M,finetune,linear,0.25,25,128,1946,0.189,0.52,0.218,0.622,0.2291545189504373,0.1892813563903793,0.6897196261682244,0.29152542372881357,0.4241379310344828,output/mes/models/resnet50_5M/0/linear/20260610_034630,0.22573839662447256,0.05603448275862069,0.033783783783783786,0.6527196652719666,0.9074315514993481,0.8570465273095077,0.6603241719520789,0.6226287262872628
vits16_imagenet,finetune,linear,0.25,25,256,1942,0.329,0.716,0.234,0.727,0.5994169096209913,0.32922077123372734,0.32897196261682243,0.9635593220338983,0.46684350132625996,output/mes/models/vits16_imagenet/0/linear/20260610_035311,0.9746835443037974,0.008620689655172414,0.09121621621621621,0.3138075313807531,0.34159061277705344,0.9561699258260283,0.9802677942212826,0.9397018970189702
efficientnetb0,finetune,linear,0.25,25,256,1942,0.385,0.69,0.386,0.823,0.5959183673469388,0.38533913411752785,0.5495327102803739,0.8406779661016949,0.5781710914454278,output/mes/models/efficientnetb0/0/linear/20260610_035034,0.880801687763713,0.017241379310344827,0.2905405405405405,0.40585774058577406,0.5384615384615384,0.9730276466621712,0.875968992248062,0.9166666666666666
resnet50_imagenet,finetune,linear,0.25,25,256,1942,0.192,0.401,0.217,0.3,0.27871720116618076,0.19156501106541515,0.1102803738317757,0.6601694915254237,0.1185929648241206,output/mes/models/resnet50_imagenet/0/linear/20260610_040548,0.3818565400843882,0.4051724137931034,0.037162162162162164,0.04602510460251046,0.576271186440678,0.6803776129467296,0.8632840028188865,0.8346883468834688
vits16_gastronet,finetune,linear,0.25,25,256,1942,0.369,0.735,0.311,0.737,0.6303206997084548,0.36970644438102374,0.48785046728971965,0.9745762711864406,0.6319612590799032,output/mes/models/vits16_gastronet/0/linear/20260610_041039,0.9862869198312236,0.03017241379310345,0.10472972972972973,0.45188284518828453,0.39113428943937417,0.9898853674983142,0.9887244538407329,0.907859078590786
resnet50_200K,finetune,linear,0.25,25,256,1942,0.39,0.707,0.311,0.786,0.6157434402332361,0.39103753431041,0.5719626168224299,0.9,0.6381647549530761,output/mes/models/resnet50_200K/0/linear/20260610_041045,0.9208860759493671,0.02586206896551724,0.1858108108108108,0.5104602510460251,0.49934810951760106,0.9811193526635199,0.9245947850599013,0.9051490514905149
resnet50_5M,finetune,linear,0.25,25,256,1942,0.409,0.693,0.297,0.78,0.6157434402332361,0.40900516505557505,0.5495327102803739,0.8516949152542372,0.5856573705179283,output/mes/models/resnet50_5M/0/linear/20260610_042720,0.9018987341772152,0.06896551724137931,0.20945945945945946,0.5146443514644351,0.5697522816166884,0.9696561024949427,0.919661733615222,0.8848238482384824
efficientnetb0,finetune,linear,0.25,25,364,1461,0.227,0.477,0.266,0.414,0.2793002915451895,0.2270777769425759,0.47289719626168225,0.3686440677966102,0.33007175472928896,output/mes/models/efficientnetb0/0/linear/20260610_043813,0.33016877637130804,0.09913793103448276,0.32094594594594594,0.200836820083682,0.6897001303780965,0.9035738368172623,0.5503875968992248,0.8529810298102981
resnet50_1M,finetune,linear,0.25,25,256,1942,0.355,0.735,0.311,0.734,0.6244897959183674,0.35555512429038605,0.502803738317757,0.9516949152542373,0.6248548199767712,output/mes/models/resnet50_1M/0/linear/20260610_042554,0.9789029535864979,0.017241379310344827,0.06756756756756757,0.497907949790795,0.4471968709256845,0.9777478084962913,0.9696969696969697,0.9024390243902439
vits16_imagenet,finetune,linear,0.25,25,364,1461,0.237,0.496,0.135,0.501,0.29970845481049563,0.23703460588383207,0.34579439252336447,0.5855932203389831,0.30603804797353185,output/mes/models/vits16_imagenet/0/linear/20260610_044244,0.399789029535865,0.10344827586206896,0.14864864864864866,0.2803347280334728,0.5880052151238592,0.7828725556304788,0.7195207892882312,0.8882113821138211
resnet50_imagenet,finetune,linear,0.25,25,364,1461,0.218,0.501,0.135,0.519,0.30379008746355685,0.2182452122825646,0.45981308411214955,0.40847457627118644,0.332657200811359,output/mes/models/resnet50_imagenet/0/linear/20260610_044318,0.38924050632911394,0.017241379310344827,0.3310810810810811,0.20920502092050208,0.5371577574967406,0.9710047201618341,0.5785764622973926,0.8658536585365854
vits16_gastronet,finetune,linear,0.25,25,364,1461,0.339,0.652,0.371,0.752,0.5906705539358601,0.33929170430913624,0.5364485981308411,0.9415254237288135,0.6442199775533108,output/mes/models/vits16_gastronet/0/linear/20260610_044740,0.919831223628692,0.02586206896551724,0.04391891891891892,0.5104602510460251,0.4641460234680574,0.9527983816587997,0.9591261451726568,0.8895663956639567
resnet50_1M,finetune,linear,0.25,25,364,1461,0.356,0.636,0.391,0.752,0.5539358600583091,0.3554950569764844,0.6224299065420561,0.8161016949152542,0.6138248847926268,output/mes/models/resnet50_1M/0/linear/20260610_045455,0.7964135021097046,0.06896551724137931,0.08108108108108109,0.6485355648535565,0.6271186440677966,0.9271746459878625,0.9429175475687104,0.8035230352303523
resnet50_200K,finetune,linear,0.25,25,364,1461,0.357,0.658,0.357,0.786,0.5854227405247814,0.35763525718371175,0.5046728971962616,0.9152542372881356,0.5966850828729282,output/mes/models/resnet50_200K/0/linear/20260610_044747,0.9008438818565401,0.01293103448275862,0.19256756756756757,0.37656903765690375,0.409387222946545,0.9763991908293999,0.9274136715997181,0.9186991869918699
resnet50_5M,finetune,linear,0.25,25,364,1461,0.393,0.661,0.468,0.762,0.602332361516035,0.3928988512098221,0.5962616822429907,0.8601694915254238,0.6261040235525025,output/mes/models/resnet50_5M/0/linear/20260610_050234,0.8839662447257384,0.04741379310344827,0.18243243243243243,0.5439330543933054,0.5436766623207301,0.978422117329737,0.9090909090909091,0.8841463414634146
efficientnetb0,finetune,linear,0.25,25,420,1733,0.375,0.663,0.34,0.719,0.43556851311953354,0.37610215778592404,0.491588785046729,0.6203389830508474,0.42215088282504015,output/mes/models/efficientnetb0/0/linear/20260610_050322,0.5242616033755274,0.3620689655172414,0.3716216216216216,0.23430962343096234,0.5919165580182529,0.925826028320971,0.6821705426356589,0.9363143631436315
vits16_imagenet,finetune,linear,0.25,25,420,1733,0.395,0.68,0.428,0.763,0.4880466472303207,0.3951856690747063,0.4485981308411215,0.735593220338983,0.44158233670653174,output/mes/models/vits16_imagenet/0/linear/20260610_051123,0.6613924050632911,0.3232758620689655,0.17567567567567569,0.3472803347280335,0.4771838331160365,0.959541469993257,0.7899929527836504,0.9193766937669376
resnet50_imagenet,finetune,linear,0.25,25,420,1733,0.247,0.642,0.212,0.764,0.24839650145772596,0.24750782884921335,0.8785046728971962,0.24322033898305084,0.4952581664910432,output/mes/models/resnet50_imagenet/0/linear/20260610_051721,0.08860759493670886,0.33620689655172414,0.17229729729729729,0.891213389121339,0.9569752281616688,0.8941335131490222,0.7871740662438337,0.4600271002710027
vits16_gastronet,finetune,linear,0.25,25,420,1733,0.382,0.649,0.352,0.689,0.485131195335277,0.38281421510780206,0.491588785046729,0.7338983050847457,0.47302158273381295,output/mes/models/vits16_gastronet/0/linear/20260610_052211,0.6571729957805907,0.3577586206896552,0.06418918918918919,0.4476987447698745,0.5775749674054759,0.9271746459878625,0.7991543340380549,0.8875338753387534
resnet50_200K,finetune,linear,0.25,25,420,1733,0.383,0.677,0.397,0.75,0.4128279883381924,0.38410425099866347,0.7214953271028037,0.5372881355932203,0.5262440354464895,output/mes/models/resnet50_200K/0/linear/20260610_052246,0.4419831223628692,0.3448275862068966,0.2195945945945946,0.602510460251046,0.7444589308996089,0.9406608226567768,0.6814658210007047,0.8163956639566395
resnet50_5M,finetune,linear,0.25,25,420,1733,0.419,0.692,0.311,0.775,0.5276967930029155,0.4195426786152976,0.6280373831775701,0.7042372881355933,0.5508196721311476,output/mes/models/resnet50_5M/0/linear/20260610_053143,0.6983122362869199,0.27155172413793105,0.1554054054054054,0.5606694560669456,0.6623207301173403,0.968981793661497,0.7970401691331924,0.8529810298102981
resnet50_1M,finetune,linear,0.25,25,420,1733,0.452,0.7,0.507,0.761,0.5416909620991254,0.45200803394440564,0.5570093457943925,0.7771186440677966,0.5437956204379562,output/mes/models/resnet50_1M/0/linear/20260610_052927,0.6930379746835443,0.46551724137931033,0.17567567567567569,0.4686192468619247,0.6166883963494133,0.9359406608226568,0.828752642706131,0.8956639566395664
efficientnetb0,finetune,linear,0.5,50,42,3609,0.262,0.566,0.336,0.595,0.31370262390670556,0.26229160290149334,0.3794392523364486,0.5449152542372881,0.3184313725490196,output/mes/models/efficientnetb0/0/linear/20260610_054118,0.37763713080168776,0.20689655172413793,0.12837837837837837,0.39330543933054396,0.5984354628422425,0.8240053944706676,0.755461592670895,0.823170731707317
vits16_imagenet,finetune,linear,0.5,50,42,3609,0.379,0.643,0.137,0.754,0.5492711370262391,0.37909685534576715,0.24485981308411214,0.9483050847457627,0.3603851444291609,output/mes/models/vits16_imagenet/0/linear/20260610_054159,0.8238396624472574,0.28448275862068967,0.17905405405405406,0.17573221757322174,0.288135593220339,0.9123398516520567,0.9823819591261451,0.9512195121951219
vits16_gastronet,finetune,linear,0.5,50,42,3609,0.369,0.694,0.209,0.764,0.5865889212827988,0.3694101202369541,0.24485981308411214,0.95,0.36137931034482756,output/mes/models/vits16_gastronet/0/linear/20260610_054936,0.919831223628692,0.1853448275862069,0.14189189189189189,0.20502092050209206,0.37809647979139505,0.9103169251517195,0.9640591966173362,0.967479674796748
resnet50_imagenet,finetune,linear,0.5,50,42,3609,0.321,0.632,0.137,0.777,0.5685131195335277,0.321418161137593,0.1588785046728972,0.9686440677966102,0.258751902587519,output/mes/models/resnet50_imagenet/0/linear/20260610_054821,0.9240506329113924,0.1896551724137931,0.14189189189189189,0.05439330543933055,0.2320730117340287,0.9433580579905597,0.971106412966878,0.9823848238482384
resnet50_200K,finetune,linear,0.5,50,42,3609,0.319,0.622,0.141,0.761,0.5871720116618075,0.32009608403198114,0.2504672897196262,0.9838983050847457,0.38953488372093026,output/mes/models/resnet50_200K/0/linear/20260610_055746,0.9704641350210971,0.08189655172413793,0.12837837837837837,0.12552301255230125,0.20599739243807041,0.9905596763317599,0.9837914023960536,0.9579945799457995
resnet50_5M,finetune,linear,0.5,50,42,3609,0.373,0.604,0.311,0.736,0.572594752186589,0.3732583485216922,0.41495327102803736,0.8652542372881356,0.4847161572052402,output/mes/models/resnet50_5M/0/linear/20260610_061829,0.8670886075949367,0.09051724137931035,0.20945945945945946,0.32217573221757323,0.41460234680573665,0.9716790289952798,0.9189570119802678,0.9139566395663956
resnet50_1M,finetune,linear,0.5,50,42,3609,0.362,0.667,0.237,0.773,0.6104956268221574,0.3622178957519623,0.4093457943925234,0.9694915254237289,0.5544303797468354,output/mes/models/resnet50_1M/0/linear/20260610_061036,0.9736286919831224,0.09051724137931035,0.12837837837837837,0.2719665271966527,0.3494132985658409,0.9885367498314228,0.9767441860465116,0.9193766937669376
efficientnetb0,finetune,linear,0.5,50,84,3674,0.322,0.669,0.395,0.855,0.3259475218658892,0.3222664205246438,0.5757009345794393,0.511864406779661,0.43410852713178294,output/mes/models/efficientnetb0/0/linear/20260610_062829,0.2310126582278481,0.5086206896551724,0.4527027027027027,0.3682008368200837,0.8370273794002607,0.75118004045853,0.7174066243833686,0.823170731707317
resnet50_imagenet,finetune,linear,0.5,50,84,3674,0.392,0.664,0.431,0.784,0.446064139941691,0.3928627588913133,0.577570093457944,0.6025423728813559,0.4706778370144707,output/mes/models/resnet50_imagenet/0/linear/20260610_063551,0.48945147679324896,0.3620689655172414,0.26013513513513514,0.5857740585774058,0.7131681877444589,0.8860418071476737,0.8125440451021846,0.8001355013550135
vits16_imagenet,finetune,linear,0.5,50,84,3674,0.31,0.733,0.141,0.745,0.5755102040816327,0.3108588075021776,0.32897196261682243,0.9449152542372882,0.4536082474226804,output/mes/models/vits16_imagenet/0/linear/20260610_063435,0.9419831223628692,0.09051724137931035,0.010135135135135136,0.2928870292887029,0.3220338983050847,0.9730276466621712,0.9661733615221987,0.9186991869918699
vits16_gastronet,finetune,linear,0.5,50,84,3674,0.403,0.786,0.374,0.792,0.6262390670553936,0.403351033733222,0.5196261682242991,0.9432203389830508,0.6318181818181818,output/mes/models/vits16_gastronet/0/linear/20260610_064332,0.9261603375527426,0.15948275862068967,0.0033783783783783786,0.6610878661087866,0.49282920469361147,0.9554956169925826,0.9640591966173362,0.9085365853658537
resnet50_200K,finetune,linear,0.5,50,84,3674,0.425,0.743,0.437,0.835,0.6326530612244898,0.4249125495590648,0.577570093457944,0.9372881355932203,0.673202614379085,output/mes/models/resnet50_200K/0/linear/20260610_065544,0.9261603375527426,0.2974137931034483,0.006756756756756757,0.5690376569037657,0.5814863102998696,0.956844234659474,0.9520789288231148,0.8800813008130082
resnet50_1M,finetune,linear,0.5,50,84,3674,0.379,0.724,0.437,0.802,0.6040816326530613,0.3795952759814951,0.5364485981308411,0.9203389830508475,0.6266375545851528,output/mes/models/resnet50_1M/0/linear/20260610_071041,0.919831223628692,0.21120689655172414,0.006756756756756757,0.47280334728033474,0.516297262059974,0.9716790289952798,0.9548978153629316,0.8631436314363143
resnet50_5M,finetune,linear,0.5,50,84,3674,0.428,0.751,0.443,0.855,0.6402332361516035,0.4278576414370818,0.5981308411214953,0.9296610169491526,0.6823027718550106,output/mes/models/resnet50_5M/0/linear/20260610_071223,0.9314345991561181,0.27586206896551724,0.006756756756756757,0.6234309623430963,0.6075619295958279,0.956844234659474,0.9556025369978859,0.8719512195121951
vits16_imagenet,finetune,linear,0.5,50,128,3492,0.246,0.555,0.272,0.623,0.3230320699708455,0.24650416976113793,0.44672897196261685,0.461864406779661,0.33924769339957417,output/mes/models/vits16_imagenet/0/linear/20260610_072825,0.39556962025316456,0.13793103448275862,0.04054054054054054,0.5648535564853556,0.6870925684485006,0.8691840863115307,0.8097251585623678,0.690379403794038
efficientnetb0,finetune,linear,0.5,50,128,3492,0.377,0.684,0.355,0.849,0.5865889212827988,0.3781452681762279,0.31588785046728973,0.9076271186440678,0.4157441574415744,output/mes/models/efficientnetb0/0/linear/20260610_072123,0.890295358649789,0.21551724137931033,0.2972972972972973,0.100418410041841,0.455019556714472,0.9157113958192852,0.9090909090909091,0.9749322493224932
resnet50_imagenet,finetune,linear,0.5,50,128,3492,0.202,0.43,0.137,0.309,0.49970845481049564,0.20181872341266877,0.07102803738317758,0.888135593220339,0.10780141843971631,output/mes/models/resnet50_imagenet/0/linear/20260610_073504,0.879746835443038,0.008620689655172414,0.0472972972972973,0.029288702928870293,0.10560625814863103,0.9844908968307485,0.919661733615222,0.9762872628726287
vits16_gastronet,finetune,linear,0.5,50,128,3492,0.424,0.725,0.432,0.845,0.5924198250728863,0.4245954769940847,0.43177570093457945,0.9076271186440678,0.528,output/mes/models/vits16_gastronet/0/linear/20260610_073652,0.8407172995780591,0.3706896551724138,0.08445945945945946,0.45188284518828453,0.6466753585397653,0.8509777478084963,0.9351656095842142,0.9220867208672087
resnet50_200K,finetune,linear,0.5,50,128,3492,0.373,0.647,0.311,0.78,0.5871720116618075,0.3731545491019719,0.4672897196261682,0.9220338983050848,0.5701254275940707,output/mes/models/resnet50_200K/0/linear/20260610_074133,0.9018987341772152,0.11206896551724138,0.12837837837837837,0.3682008368200837,0.41460234680573665,0.9710047201618341,0.9499647639182522,0.9017615176151762
resnet50_1M,finetune,linear,0.5,50,128,3492,0.396,0.699,0.457,0.809,0.6186588921282798,0.39603646304521445,0.48785046728971965,0.9533898305084746,0.6133960047003525,output/mes/models/resnet50_1M/0/linear/20260610_074434,0.9419831223628692,0.15517241379310345,0.06756756756756757,0.4686192468619247,0.4485006518904824,0.9683074848280513,0.9696969696969697,0.9044715447154471
resnet50_5M,finetune,linear,0.5,50,128,3492,0.403,0.665,0.443,0.8,0.5854227405247814,0.4029315914394789,0.4934579439252336,0.8923728813559322,0.5701943844492441,output/mes/models/resnet50_5M/0/linear/20260610_075351,0.8660337552742616,0.22844827586206898,0.11824324324324324,0.39748953974895396,0.5149934810951761,0.947403910991234,0.9189570119802678,0.9010840108401084
vits16_imagenet,finetune,linear,0.5,50,256,3565,0.274,0.658,0.141,0.704,0.5580174927113702,0.27456367543396937,0.17757009345794392,0.9279661016949152,0.26573426573426573,output/mes/models/vits16_imagenet/0/linear/20260610_080503,0.9483122362869199,0.0603448275862069,0.0033783783783783786,0.1799163179916318,0.23076923076923078,0.978422117329737,0.9436222692036645,0.962059620596206
efficientnetb0,finetune,linear,0.5,50,256,3565,0.361,0.674,0.292,0.735,0.5755102040816327,0.3621309902821417,0.2841121495327103,0.864406779661017,0.358913813459268,output/mes/models/efficientnetb0/0/linear/20260610_075824,0.9029535864978903,0.1853448275862069,0.057432432432432436,0.29707112970711297,0.46284224250325945,0.9379635873229939,0.8957011980267794,0.948509485094851
resnet50_imagenet,finetune,linear,0.5,50,256,3565,0.308,0.588,0.482,0.651,0.37259475218658894,0.3085600336524265,0.6728971962616822,0.461864406779661,0.47058823529411764,output/mes/models/resnet50_imagenet/0/linear/20260610_082528,0.4293248945147679,0.1810344827586207,0.10810810810810811,0.6610878661087866,0.7314211212516297,0.9561699258260283,0.7540521494009866,0.6910569105691057
vits16_gastronet,finetune,linear,0.5,50,256,3565,0.36,0.717,0.311,0.723,0.6262390670553936,0.3596674309743818,0.5121495327102804,0.911864406779661,0.6002190580503833,output/mes/models/vits16_gastronet/0/linear/20260610_082539,0.9736286919831224,0.04741379310344827,0.0,0.5857740585774058,0.5149934810951761,0.9790964261631827,0.9337561663143058,0.9024390243902439
resnet50_200K,finetune,linear,0.5,50,256,3565,0.38,0.677,0.464,0.726,0.5941690962099125,0.3809019390171178,0.47102803738317756,0.8686440677966102,0.535031847133758,output/mes/models/resnet50_200K/0/linear/20260610_083312,0.9092827004219409,0.2025862068965517,0.0,0.4602510460251046,0.5645371577574967,0.9561699258260283,0.8921775898520085,0.9024390243902439
resnet50_1M,finetune,linear,0.5,50,256,3565,0.35,0.724,0.311,0.774,0.5941690962099125,0.35004300320449705,0.4355140186915888,0.902542372881356,0.5277463193657984,output/mes/models/resnet50_1M/0/linear/20260610_083726,0.9367088607594937,0.08620689655172414,0.02364864864864865,0.4351464435146444,0.4641460234680574,0.9676331759946055,0.9224806201550387,0.9139566395663956
efficientnetb0,finetune,linear,0.5,50,364,3158,0.218,0.536,0.208,0.572,0.22448979591836735,0.2187519876958276,0.7383177570093458,0.2889830508474576,0.4465799886941775,output/mes/models/efficientnetb0/0/linear/20260610_085034,0.0981012658227848,0.14655172413793102,0.5641891891891891,0.3807531380753138,0.8865710560625815,0.8199595414699933,0.5221987315010571,0.7981029810298103
vits16_imagenet,finetune,linear,0.5,50,364,3158,0.32,0.619,0.462,0.807,0.3294460641399417,0.32042276191798824,0.7551401869158878,0.4483050847457627,0.5081761006289308,output/mes/models/vits16_imagenet/0/linear/20260610_085709,0.23945147679324894,0.2413793103448276,0.4594594594594595,0.6108786610878661,0.833116036505867,0.8320971004720162,0.835799859055673,0.6341463414634146
resnet50_5M,finetune,linear,0.5,50,256,3565,0.381,0.713,0.464,0.752,0.6029154518950437,0.3815443379650264,0.47102803738317756,0.885593220338983,0.5466377440347071,output/mes/models/resnet50_5M/0/linear/20260610_085031,0.929324894514768,0.14655172413793102,0.060810810810810814,0.4225941422594142,0.5241199478487614,0.9676331759946055,0.9055673009161381,0.9092140921409214
resnet50_imagenet,finetune,linear,0.5,50,364,3158,0.213,0.602,0.078,0.607,0.2536443148688047,0.2137894692233826,0.7775700934579439,0.24067796610169492,0.4504602057390363,output/mes/models/resnet50_imagenet/0/linear/20260610_090314,0.20147679324894516,0.05603448275862069,0.13175675675675674,0.803347280334728,0.7926988265971316,0.9730276466621712,0.9732205778717407,0.29336043360433606
vits16_gastronet,finetune,linear,0.5,50,364,3158,0.368,0.703,0.311,0.792,0.6145772594752187,0.3687536672928307,0.4224299065420561,0.997457627118644,0.5916230366492147,output/mes/models/vits16_gastronet/0/linear/20260610_090747,0.9704641350210971,0.10344827586206896,0.08445945945945946,0.35564853556485354,0.38070404172099087,0.9548213081591369,0.9971811134601832,0.9220867208672087
resnet50_200K,finetune,linear,0.5,50,364,3158,0.393,0.611,0.502,0.753,0.5854227405247814,0.39348383792495656,0.44485981308411215,0.9364406779661016,0.5613207547169812,output/mes/models/resnet50_200K/0/linear/20260610_090937,0.8850210970464135,0.21551724137931033,0.14527027027027026,0.301255230125523,0.42633637548891784,0.9507754551584626,0.9492600422832981,0.9146341463414634
resnet50_1M,finetune,linear,0.5,50,364,3158,0.423,0.706,0.443,0.774,0.6221574344023324,0.42345687646283303,0.5551401869158878,0.9313559322033899,0.6506024096385542,output/mes/models/resnet50_1M/0/linear/20260610_091727,0.9208860759493671,0.16810344827586207,0.13851351351351351,0.4769874476987448,0.5071707953063885,0.9683074848280513,0.9464411557434813,0.9004065040650406
resnet50_5M,finetune,linear,0.5,50,364,3158,0.415,0.708,0.457,0.82,0.6087463556851312,0.415059934619049,0.45794392523364486,0.9432203389830508,0.5785123966942148,output/mes/models/resnet50_5M/0/linear/20260610_091957,0.9113924050632911,0.23706896551724138,0.13175675675675674,0.3598326359832636,0.4667535853976532,0.9494268374915711,0.9570119802677942,0.9146341463414634
efficientnetb0,finetune,linear,0.5,50,420,3480,0.341,0.673,0.362,0.799,0.33411078717201165,0.34184804288153936,0.6037383177570094,0.5296610169491526,0.45718329794762913,output/mes/models/efficientnetb0/0/linear/20260610_092829,0.20042194092827004,0.6508620689655172,0.32094594594594594,0.5732217573221757,0.8044328552803129,0.7666891436277815,0.7723749119097957,0.7811653116531165
vits16_imagenet,finetune,linear,0.5,50,420,3480,0.359,0.649,0.419,0.77,0.4577259475218659,0.35974605474194415,0.5046728971962616,0.7254237288135593,0.4782993799822852,output/mes/models/vits16_imagenet/0/linear/20260610_093047,0.5928270042194093,0.23275862068965517,0.21283783783783783,0.4435146443514644,0.5488917861799217,0.8927848954821308,0.9281183932346723,0.7811653116531165
resnet50_imagenet,finetune,linear,0.5,50,420,3480,0.229,0.592,0.289,0.648,0.2641399416909621,0.22941313338156075,0.6373831775700934,0.5889830508474576,0.5011021307861866,output/mes/models/resnet50_imagenet/0/linear/20260610_093617,0.11286919831223628,0.6206896551724138,0.02364864864864865,0.8158995815899581,0.9113428943937418,0.6156439649359406,0.9753347427766033,0.6009485094850948
vits16_gastronet,finetune,linear,0.5,50,420,3480,0.259,0.705,0.141,0.756,0.5690962099125364,0.25920823508035534,0.15140186915887852,1.0,0.262987012987013,output/mes/models/vits16_gastronet/0/linear/20260610_093726,0.9820675105485233,0.07758620689655173,0.02364864864864865,0.08368200836820083,0.15254237288135594,0.9763991908293999,0.9992952783650458,0.9640921409214093
resnet50_1M,finetune,linear,0.5,50,420,3480,0.439,0.707,0.443,0.821,0.6332361516034986,0.43908705074174664,0.49906542056074765,0.9525423728813559,0.6223776223776224,output/mes/models/resnet50_1M/0/linear/20260610_094826,0.9388185654008439,0.31896551724137934,0.08108108108108109,0.4100418410041841,0.4876140808344198,0.9763991908293999,0.9760394644115574,0.8868563685636857
resnet50_200K,finetune,linear,0.5,50,420,3480,0.381,0.724,0.382,0.898,0.6058309037900874,0.3810308375675527,0.3532710280373832,0.976271186440678,0.5026595744680851,output/mes/models/resnet50_200K/0/linear/20260610_094317,0.95042194092827,0.27155172413793105,0.037162162162162164,0.26778242677824265,0.3468057366362451,0.9777478084962913,0.9795630725863284,0.9234417344173442
efficientnetb0,finetune,linear,0.75,75,42,5153,0.196,0.57,0.186,0.643,0.21282798833819241,0.1967556872610273,0.8822429906542056,0.18983050847457628,0.48089658685685177,output/mes/models/efficientnetb0/0/linear/20260610_095803,0.06540084388185655,0.09051724137931035,0.36824324324324326,0.7238493723849372,0.9413298565840938,0.8927848954821308,0.6546863988724454,0.5555555555555556
resnet50_5M,finetune,linear,0.5,50,420,3480,0.4,0.734,0.311,0.789,0.6215743440233236,0.4008316516699639,0.4093457943925234,0.9661016949152542,0.5516372795969773,output/mes/models/resnet50_5M/0/linear/20260610_095759,0.9651898734177216,0.21120689655172414,0.0945945945945946,0.30962343096234307,0.39113428943937417,0.983142279163857,0.9725158562367865,0.9200542005420054
vits16_imagenet,finetune,linear,0.75,75,42,5153,0.321,0.606,0.211,0.694,0.4314868804664723,0.3208677347736655,0.5476635514018692,0.6703389830508475,0.4815119145439606,output/mes/models/vits16_imagenet/0/linear/20260610_100641,0.570675105485232,0.05172413793103448,0.34121621621621623,0.3598326359832636,0.5554106910039114,0.9062710721510452,0.7660324171952079,0.8895663956639567
resnet50_imagenet,finetune,linear,0.75,75,42,5153,0.313,0.637,0.337,0.705,0.3574344023323615,0.3145116381042978,0.8728971962616823,0.33728813559322035,0.523542600896861,output/mes/models/resnet50_imagenet/0/linear/20260610_100918,0.31329113924050633,0.08620689655172414,0.41216216216216217,0.7280334728033473,0.8357235984354628,0.9844908968307485,0.6102889358703312,0.7289972899728997
resnet50_200K,finetune,linear,0.75,75,42,5153,0.412,0.728,0.437,0.85,0.6338192419825073,0.4126694789635439,0.5869158878504673,0.9474576271186441,0.6893523600439078,output/mes/models/resnet50_200K/0/linear/20260610_101839,0.95042194092827,0.09051724137931035,0.15878378378378377,0.49372384937238495,0.48239895697522817,0.9865138233310856,0.9654686398872445,0.8902439024390244
vits16_gastronet,finetune,linear,0.75,75,42,5153,0.468,0.762,0.457,0.812,0.6559766763848397,0.4684290951912624,0.5214953271028038,0.9703389830508474,0.657243816254417,output/mes/models/vits16_gastronet/0/linear/20260610_101508,0.9609704641350211,0.17672413793103448,0.21283783783783783,0.4602510460251046,0.4511082138200782,0.9811193526635199,0.9788583509513742,0.9247967479674797
resnet50_1M,finetune,linear,0.75,75,42,5153,0.401,0.736,0.387,0.858,0.639067055393586,0.401937850941866,0.525233644859813,0.9694915254237289,0.6596244131455399,output/mes/models/resnet50_1M/0/linear/20260610_103732,0.979957805907173,0.0603448275862069,0.16554054054054054,0.4351464435146444,0.42633637548891784,0.9898853674983142,0.9753347427766033,0.9126016260162602
resnet50_5M,finetune,linear,0.75,75,42,5153,0.425,0.741,0.387,0.851,0.639067055393586,0.4256776699665656,0.5364485981308411,0.9313559322033899,0.6356589147286822,output/mes/models/resnet50_5M/0/linear/20260610_104452,0.9578059071729957,0.1206896551724138,0.17567567567567569,0.45188284518828453,0.48891786179921776,0.9871881321645314,0.9506694855532065,0.9065040650406504
efficientnetb0,finetune,linear,0.75,75,84,5129,0.32,0.674,0.375,0.773,0.3236151603498542,0.32034398390759755,0.8635514018691589,0.38813559322033897,0.537521815008726,output/mes/models/efficientnetb0/0/linear/20260610_105756,0.189873417721519,0.30603448275862066,0.38513513513513514,0.7949790794979079,0.894393741851369,0.8658125421443021,0.7110641296687809,0.6815718157181572
resnet50_imagenet,finetune,linear,0.75,75,84,5129,0.236,0.529,0.235,0.57,0.28104956268221576,0.23700273735899474,0.38317757009345793,0.7025423728813559,0.3758020164986251,output/mes/models/resnet50_imagenet/0/linear/20260610_110652,0.27742616033755274,0.4827586206896552,0.3141891891891892,0.058577405857740586,0.7470664928292047,0.6021577882670263,0.766737138830162,0.9200542005420054
vits16_imagenet,finetune,linear,0.75,75,84,5129,0.377,0.758,0.141,0.873,0.6034985422740525,0.37738377817760166,0.36822429906542054,0.9550847457627119,0.5019108280254777,output/mes/models/vits16_imagenet/0/linear/20260610_110152,0.9483122362869199,0.14224137931034483,0.11148648648648649,0.2928870292887029,0.3520208604954368,0.9757248819959542,0.9577167019027484,0.9410569105691057
vits16_gastronet,finetune,linear,0.75,75,84,5129,0.383,0.776,0.298,0.787,0.6099125364431487,0.38290347519662543,0.491588785046729,0.9203389830508475,0.5896860986547086,output/mes/models/vits16_gastronet/0/linear/20260610_111433,0.9335443037974683,0.1810344827586207,0.010135135135135136,0.48535564853556484,0.4876140808344198,0.9743762643290627,0.9443269908386187,0.8922764227642277
resnet50_200K,finetune,linear,0.75,75,84,5129,0.468,0.78,0.492,0.888,0.6443148688046647,0.46783617457888216,0.680373831775701,0.888135593220339,0.7061105722599418,output/mes/models/resnet50_200K/0/linear/20260610_112143,0.9040084388185654,0.29310344827586204,0.07432432432432433,0.6610878661087866,0.6453715775749674,0.9851652056641942,0.9260042283298098,0.8570460704607046
resnet50_5M,finetune,linear,0.75,75,84,5129,0.25,0.672,0.254,0.761,0.2816326530612245,0.25025967026040946,0.8785046728971962,0.46440677966101696,0.5742211362248014,output/mes/models/resnet50_5M/0/linear/20260610_113956,0.19725738396624473,0.30603448275862066,0.05405405405405406,0.8744769874476988,0.9335071707953064,0.7950101146325017,0.8083157152924595,0.5901084010840109
resnet50_1M,finetune,linear,0.75,75,84,5129,0.4,0.744,0.437,0.835,0.6169096209912537,0.3995860796413161,0.6149532710280374,0.8991525423728813,0.669379450661241,output/mes/models/resnet50_1M/0/linear/20260610_113139,0.9177215189873418,0.16379310344827586,0.05067567567567568,0.5648535564853556,0.5632333767926988,0.9838165879973028,0.945031712473573,0.8509485094850948
vits16_imagenet,finetune,linear,0.75,75,128,4896,0.311,0.6,0.267,0.695,0.4629737609329446,0.31162370608620804,0.4747663551401869,0.6245762711864407,0.41233766233766234,output/mes/models/vits16_imagenet/0/linear/20260610_115205,0.6624472573839663,0.05172413793103448,0.30067567567567566,0.2719665271966527,0.5723598435462842,0.9662845583277141,0.7484143763213531,0.8739837398373984
efficientnetb0,finetune,linear,0.75,75,128,4896,0.405,0.714,0.533,0.844,0.5900874635568513,0.40607147777715696,0.44672897196261685,0.8915254237288136,0.5299334811529933,output/mes/models/efficientnetb0/0/linear/20260610_114858,0.8786919831223629,0.21120689655172414,0.19932432432432431,0.29707112970711297,0.49934810951760106,0.9447066756574511,0.9062720225510923,0.9295392953929539
resnet50_imagenet,finetune,linear,0.75,75,128,4896,0.395,0.698,0.36,0.87,0.6058309037900874,0.39586715970503017,0.39626168224299063,0.9457627118644067,0.5228113440197287,output/mes/models/resnet50_imagenet/0/linear/20260610_120016,0.929324894514768,0.14224137931034483,0.24324324324324326,0.2217573221757322,0.39765319426336376,0.9575185434929198,0.9464411557434813,0.9491869918699187
vits16_gastronet,finetune,linear,0.75,75,128,4896,0.396,0.768,0.492,0.852,0.6297376093294461,0.39662044927796347,0.6915887850467289,0.8796610169491526,0.7067812798471824,output/mes/models/vits16_gastronet/0/linear/20260610_120517,0.9282700421940928,0.09051724137931035,0.07094594594594594,0.6610878661087866,0.6284224250325945,0.9885367498314228,0.9351656095842142,0.8367208672086721
resnet50_1M,finetune,linear,0.75,75,128,4896,0.392,0.751,0.387,0.847,0.6384839650145773,0.3923138350516699,0.5719626168224299,0.9576271186440678,0.6868686868686869,output/mes/models/resnet50_1M/0/linear/20260610_122801,0.9725738396624473,0.03879310344827586,0.13513513513513514,0.5188284518828452,0.4485006518904824,0.9966284558327714,0.9767441860465116,0.8922764227642277
resnet50_200K,finetune,linear,0.75,75,128,4896,0.413,0.753,0.437,0.876,0.6314868804664723,0.41302444625746126,0.6242990654205608,0.9101694915254237,0.6851282051282052,output/mes/models/resnet50_200K/0/linear/20260610_122739,0.9367088607594937,0.08620689655172414,0.16216216216216217,0.5313807531380753,0.5371577574967406,0.9919082939986514,0.937984496124031,0.8800813008130082
resnet50_5M,finetune,linear,0.75,75,128,4896,0.427,0.737,0.443,0.862,0.6349854227405248,0.427613298624062,0.5588785046728972,0.9144067796610169,0.6395721925133689,output/mes/models/resnet50_5M/0/linear/20260610_125221,0.9440928270042194,0.1810344827586207,0.11824324324324324,0.4895397489539749,0.5488917861799217,0.978422117329737,0.9415081042988019,0.8882113821138211
vits16_imagenet,finetune,linear,0.75,75,256,4984,0.44,0.728,0.535,0.819,0.6204081632653061,0.44029180795960965,0.48785046728971965,0.8533898305084746,0.5386996904024768,output/mes/models/vits16_imagenet/0/linear/20260610_130733,0.9029535864978903,0.16379310344827586,0.2972972972972973,0.34309623430962344,0.5371577574967406,0.978422117329737,0.8738548273431994,0.9424119241192412
efficientnetb0,finetune,linear,0.75,75,256,4984,0.41,0.715,0.382,0.797,0.6157434402332361,0.4105775222812933,0.38317757009345793,0.9169491525423729,0.4892601431980907,output/mes/models/efficientnetb0/0/linear/20260610_130035,0.9367088607594937,0.2025862068965517,0.125,0.3514644351464435,0.4667535853976532,0.9541469993256911,0.9358703312191684,0.9383468834688347
resnet50_imagenet,finetune,linear,0.75,75,256,4984,0.298,0.589,0.268,0.66,0.3504373177842566,0.29867117491749373,0.7850467289719626,0.3254237288135593,0.47972587093089664,output/mes/models/resnet50_imagenet/0/linear/20260610_132517,0.3048523206751055,0.04310344827586207,0.5,0.6443514644351465,0.788787483702738,0.9743762643290627,0.5976039464411558,0.7676151761517616
vits16_gastronet,finetune,linear,0.75,75,256,4984,0.446,0.757,0.535,0.783,0.6332361516034986,0.4465852589773636,0.6037383177570094,0.8923728813559322,0.6558375634517767,output/mes/models/vits16_gastronet/0/linear/20260610_132610,0.9166666666666666,0.1724137931034483,0.17905405405405406,0.5188284518828452,0.5775749674054759,0.978422117329737,0.9083861874559549,0.9031165311653117
resnet50_200K,finetune,linear,0.75,75,256,4984,0.395,0.703,0.437,0.781,0.60932944606414,0.3950929877210496,0.5644859813084112,0.8635593220338983,0.6052104208416834,output/mes/models/resnet50_200K/0/linear/20260610_133409,0.9135021097046413,0.15086206896551724,0.05067567567567568,0.5397489539748954,0.5853976531942634,0.9777478084962913,0.904862579281184,0.8753387533875339
resnet50_5M,finetune,linear,0.75,75,256,4984,0.43,0.709,0.457,0.788,0.639067055393586,0.43050545686419517,0.5757009345794393,0.8966101694915254,0.6383419689119171,output/mes/models/resnet50_5M/0/linear/20260610_135400,0.9409282700421941,0.1896551724137931,0.08108108108108109,0.5690376569037657,0.6023468057366362,0.9703304113283884,0.9274136715997181,0.8868563685636857
resnet50_1M,finetune,linear,0.75,75,256,4984,0.399,0.743,0.443,0.806,0.6332361516034986,0.3995086220067991,0.5439252336448598,0.9483050847457627,0.6561443066516347,output/mes/models/resnet50_1M/0/linear/20260610_135242,0.9672995780590717,0.14655172413793102,0.05405405405405406,0.497907949790795,0.49022164276401564,0.98583951449764,0.9577167019027484,0.8936314363143631
efficientnetb0,finetune,linear,0.75,75,364,4989,0.273,0.594,0.26,0.65,0.3008746355685131,0.27342023312777713,0.8317757009345794,0.2940677966101695,0.49089906232763375,output/mes/models/efficientnetb0/0/linear/20260610_141104,0.20358649789029537,0.08189655172413793,0.5033783783783784,0.6485355648535565,0.8252933507170795,0.9386378961564397,0.6067653276955602,0.7181571815718157
vits16_imagenet,finetune,linear,0.75,75,364,4989,0.335,0.622,0.439,0.718,0.4822157434402332,0.33513680159603965,0.394392523364486,0.714406779661017,0.3896583564173592,output/mes/models/vits16_imagenet/0/linear/20260610_141414,0.6677215189873418,0.16810344827586207,0.44256756756756754,0.100418410041841,0.5280312907431551,0.9103169251517195,0.7420718816067653,0.9817073170731707
resnet50_imagenet,finetune,linear,0.75,75,364,4989,0.233,0.595,0.231,0.688,0.2600583090379009,0.23309347658598883,0.26542056074766357,0.6559322033898305,0.26223453370267774,output/mes/models/resnet50_imagenet/0/linear/20260610_141939,0.20991561181434598,0.603448275862069,0.28716216216216217,0.09205020920502092,0.8761408083441982,0.5057316250842886,0.7420718816067653,0.9491869918699187
resnet50_200K,finetune,linear,0.75,75,364,4989,0.276,0.555,0.451,0.615,0.3253644314868805,0.2758943028573586,0.6448598130841121,0.461864406779661,0.45544554455445546,output/mes/models/resnet50_200K/0/linear/20260610_142730,0.3280590717299578,0.05603448275862069,0.49324324324324326,0.3682008368200837,0.7496740547588006,0.8523263654753878,0.6420014094432699,0.8387533875338753
vits16_gastronet,finetune,linear,0.75,75,364,4989,0.4,0.717,0.457,0.88,0.6314868804664723,0.4013052683457693,0.4897196261682243,0.9889830508474576,0.6469135802469136,output/mes/models/vits16_gastronet/0/linear/20260610_142249,0.9736286919831224,0.15948275862068967,0.08783783783783784,0.40585774058577406,0.41460234680573665,0.9790964261631827,0.9922480620155039,0.9044715447154471
resnet50_1M,finetune,linear,0.75,75,364,4989,0.401,0.681,0.309,0.852,0.6244897959183674,0.4014877462446922,0.47102803738317756,0.9516949152542373,0.5971563981042654,output/mes/models/resnet50_1M/0/linear/20260610_143548,0.9620253164556962,0.10775862068965517,0.20608108108108109,0.3054393305439331,0.40808344198174706,0.9898853674983142,0.9640591966173362,0.9159891598915989
resnet50_5M,finetune,linear,0.75,75,364,4989,0.42,0.72,0.387,0.857,0.634402332361516,0.420044198333672,0.5009345794392523,0.9432203389830508,0.6160919540229886,output/mes/models/resnet50_5M/0/linear/20260610_144422,0.9535864978902954,0.07327586206896551,0.23986486486486486,0.401673640167364,0.44198174706649285,0.9790964261631827,0.9584214235377027,0.9261517615176151
efficientnetb0,finetune,linear,0.75,75,420,4884,0.329,0.671,0.387,0.768,0.3230320699708455,0.3294462842003958,0.8037383177570093,0.4076271186440678,0.5168269230769231,output/mes/models/efficientnetb0/0/linear/20260610_145010,0.16350210970464135,0.4396551724137931,0.4155405405405405,0.7280334728033473,0.9113428943937418,0.8240053944706676,0.7322057787174067,0.6937669376693767
vits16_imagenet,finetune,linear,0.75,75,420,4884,0.306,0.581,0.264,0.622,0.3247813411078717,0.3056816307317945,0.616822429906542,0.6279661016949153,0.5061349693251533,output/mes/models/vits16_imagenet/0/linear/20260610_145801,0.3037974683544304,0.27586206896551724,0.42905405405405406,0.3263598326359833,0.7301173402868318,0.7390424814565071,0.857646229739253,0.7547425474254743
resnet50_imagenet,finetune,linear,0.75,75,420,4884,0.163,0.448,0.141,0.411,0.19183673469387755,0.16363980821909016,0.6579439252336449,0.1711864406779661,0.3774798927613941,output/mes/models/resnet50_imagenet/0/linear/20260610_145834,0.13291139240506328,0.03017241379310345,0.2195945945945946,0.5481171548117155,0.7614080834419817,0.9534726904922455,0.7343199436222692,0.48712737127371275
resnet50_200K,finetune,linear,0.75,75,420,4884,0.415,0.765,0.297,0.897,0.6279883381924198,0.4156675438040387,0.5738317757009346,0.923728813559322,0.6587982832618026,output/mes/models/resnet50_200K/0/linear/20260610_150559,0.9367088607594937,0.1336206896551724,0.12837837837837837,0.502092050209205,0.49282920469361147,0.9932569116655429,0.9612403100775194,0.8753387533875339
vits16_gastronet,finetune,linear,0.75,75,420,4884,0.448,0.821,0.29,0.899,0.6670553935860059,0.4477736704114891,0.6598130841121496,0.9584745762711865,0.7534685165421559,output/mes/models/vits16_gastronet/0/linear/20260610_150544,0.9736286919831224,0.1724137931034483,0.09121621621621621,0.6443514644351465,0.560625814863103,0.9912339851652057,0.9887244538407329,0.8611111111111112
resnet50_1M,finetune,linear,0.75,75,420,4884,0.425,0.759,0.297,0.876,0.6431486880466473,0.42492242876712905,0.577570093457944,0.9449152542372882,0.6798679867986799,output/mes/models/resnet50_1M/0/linear/20260610_153125,0.9609704641350211,0.1206896551724138,0.13851351351351351,0.5146443514644351,0.4876140808344198,0.9939312204989885,0.9661733615221987,0.8902439024390244
resnet50_5M,finetune,linear,0.75,75,420,4884,0.385,0.77,0.297,0.878,0.6297376093294461,0.38485013040392874,0.5551401869158878,0.9466101694915254,0.6636871508379888,output/mes/models/resnet50_5M/0/linear/20260610_153846,0.9672995780590717,0.1206896551724138,0.05067567567567568,0.502092050209205,0.47196870925684486,0.9966284558327714,0.9802677942212826,0.8665311653116531
efficientnetb0,finetune,linear,1.0,100,42,6467,0.444,0.692,0.455,0.888,0.5737609329446064,0.4445577851687594,0.5308411214953271,0.8194915254237288,0.5503875968992248,output/mes/models/efficientnetb0/0/linear/20260610_155928,0.7848101265822784,0.33620689655172414,0.3108108108108108,0.2928870292887029,0.5919165580182529,0.9440323668240054,0.8315715292459479,0.9349593495934959
resnet50_imagenet,finetune,linear,1.0,100,42,6467,0.387,0.709,0.591,0.804,0.4279883381924198,0.3880230373657559,0.8803738317757009,0.42627118644067796,0.5597147950089126,output/mes/models/resnet50_imagenet/0/linear/20260610_161740,0.39767932489451474,0.15517241379310345,0.46959459459459457,0.7615062761506276,0.8709256844850065,0.9629130141604855,0.6187455954897816,0.8062330623306233
vits16_imagenet,finetune,linear,1.0,100,42,6467,0.421,0.75,0.387,0.918,0.6262390670553936,0.4213388354487295,0.4523364485981308,0.9296610169491526,0.5627906976744186,output/mes/models/vits16_imagenet/0/linear/20260610_161150,0.9440928270042194,0.1336206896551724,0.27364864864864863,0.2803347280334728,0.43285528031290743,0.9804450438300741,0.9408033826638478,0.9369918699186992
vits16_gastronet,finetune,linear,1.0,100,42,6467,0.429,0.765,0.457,0.862,0.6431486880466473,0.4295402359633075,0.5682242990654206,0.9296610169491526,0.6594360086767896,output/mes/models/vits16_gastronet/0/linear/20260610_162810,0.9546413502109705,0.14224137931034483,0.11486486486486487,0.5481171548117155,0.5384615384615384,0.9757248819959542,0.9422128259337562,0.9051490514905149
resnet50_200K,finetune,linear,1.0,100,42,6467,0.471,0.736,0.513,0.895,0.6326530612244898,0.47111340353023423,0.6523364485981309,0.8542372881355932,0.6609848484848485,output/mes/models/resnet50_200K/0/linear/20260610_163037,0.880801687763713,0.2413793103448276,0.17567567567567569,0.5941422594142259,0.6375488917861799,0.983142279163857,0.8964059196617337,0.8780487804878049
resnet50_1M,finetune,linear,1.0,100,42,6467,0.396,0.755,0.311,0.833,0.6227405247813411,0.396232722821859,0.5401869158878505,0.9211864406779661,0.6303162486368593,output/mes/models/resnet50_1M/0/linear/20260610_164520,0.9430379746835443,0.1206896551724138,0.09121621621621621,0.497907949790795,0.5058670143415906,0.978422117329737,0.9556025369978859,0.8827913279132791
resnet50_5M,finetune,linear,1.0,100,42,6467,0.455,0.752,0.533,0.896,0.6349854227405248,0.4558016301523403,0.6261682242990654,0.8745762711864407,0.6581532416502947,output/mes/models/resnet50_5M/0/linear/20260610_165239,0.9029535864978903,0.15948275862068967,0.22297297297297297,0.5439330543933054,0.5971316818774446,0.9797707349966285,0.9034531360112755,0.8983739837398373
efficientnetb0,finetune,linear,1.0,100,84,6467,0.262,0.583,0.352,0.702,0.2600583090379009,0.26168378384210944,0.6616822429906543,0.3474576271186441,0.4267631103074141,output/mes/models/efficientnetb0/0/linear/20260610_171125,0.16244725738396623,0.2543103448275862,0.5405405405405406,0.3054393305439331,0.8122555410691004,0.842211732973702,0.4918957011980268,0.8848238482384824
resnet50_imagenet,finetune,linear,1.0,100,84,6467,0.349,0.689,0.503,0.779,0.353935860058309,0.3498785827253064,0.8598130841121495,0.376271186440678,0.5314846909300982,output/mes/models/resnet50_imagenet/0/linear/20260610_172110,0.2320675105485232,0.30603448275862066,0.42567567567567566,0.7949790794979079,0.9022164276401564,0.8968307484828051,0.6730091613812544,0.7181571815718157
vits16_imagenet,finetune,linear,1.0,100,84,6467,0.411,0.733,0.387,0.914,0.5959183673469388,0.4113260079929677,0.4355140186915888,0.8593220338983051,0.4989293361884368,output/mes/models/vits16_imagenet/0/linear/20260610_171405,0.8818565400843882,0.14655172413793102,0.2635135135135135,0.30962343096234307,0.47196870925684486,0.9723533378287256,0.8914728682170543,0.9369918699186992
vits16_gastronet,finetune,linear,1.0,100,84,6467,0.433,0.747,0.535,0.801,0.6227405247813411,0.43362866849310167,0.5570093457943925,0.8906779661016949,0.6195426195426196,output/mes/models/vits16_gastronet/0/linear/20260610_173139,0.9061181434599156,0.1724137931034483,0.1554054054054054,0.5146443514644351,0.590612777053455,0.9494268374915711,0.9119097956307258,0.9098915989159891
resnet50_200K,finetune,linear,1.0,100,84,6467,0.469,0.769,0.457,0.92,0.6472303206997084,0.4692864569775867,0.5757009345794393,0.938135593220339,0.6724890829694323,output/mes/models/resnet50_200K/0/linear/20260610_173643,0.9324894514767933,0.20689655172413793,0.23310810810810811,0.4560669456066946,0.5332464146023468,0.9703304113283884,0.9422128259337562,0.9180216802168022
resnet50_1M,finetune,linear,1.0,100,84,6467,0.437,0.781,0.387,0.874,0.6355685131195336,0.437207715752599,0.6,0.9093220338983051,0.6666666666666666,output/mes/models/resnet50_1M/0/linear/20260610_180056,0.9261603375527426,0.125,0.1858108108108108,0.5355648535564853,0.5332464146023468,0.9851652056641942,0.9365750528541226,0.8949864498644986
resnet50_5M,finetune,linear,1.0,100,84,6467,0.455,0.744,0.457,0.876,0.643731778425656,0.45531963343486537,0.5813084112149532,0.9220338983050848,0.6631130063965884,output/mes/models/resnet50_5M/0/linear/20260610_180156,0.9324894514767933,0.22844827586206898,0.13851351351351351,0.5271966527196653,0.5645371577574967,0.9723533378287256,0.9443269908386187,0.8936314363143631
efficientnetb0,finetune,linear,1.0,100,128,6467,0.43,0.723,0.382,0.89,0.6239067055393586,0.4306688241732036,0.4205607476635514,0.9355932203389831,0.5382775119617225,output/mes/models/efficientnetb0/0/linear/20260610_182000,0.9345991561181435,0.2629310344827586,0.16554054054054054,0.30962343096234307,0.4745762711864407,0.956844234659474,0.9478505990133897,0.9295392953929539
resnet50_imagenet,finetune,linear,1.0,100,128,6467,0.296,0.66,0.329,0.789,0.3638483965014577,0.29605173529764356,0.9196261682242991,0.3152542372881356,0.5362397820163488,output/mes/models/resnet50_imagenet/0/linear/20260610_184805,0.3206751054852321,0.02586206896551724,0.38175675675675674,0.8410041841004184,0.8996088657105606,0.9811193526635199,0.6518675123326286,0.6666666666666666
vits16_imagenet,finetune,linear,1.0,100,128,6467,0.42,0.738,0.379,0.903,0.611661807580175,0.4203187627418685,0.38691588785046727,0.9449152542372882,0.5130111524163569,output/mes/models/vits16_imagenet/0/linear/20260610_183454,0.9135021097046413,0.3577586206896552,0.10810810810810811,0.28451882845188287,0.4706649282920469,0.9406608226567768,0.9584214235377027,0.9234417344173442
vits16_gastronet,finetune,linear,1.0,100,128,6467,0.441,0.771,0.443,0.811,0.6256559766763848,0.44116789297275383,0.6261682242990654,0.864406779661017,0.6504854368932039,output/mes/models/vits16_gastronet/0/linear/20260610_185835,0.8955696202531646,0.20689655172413793,0.11486486486486487,0.5941422594142259,0.6245110821382008,0.9763991908293999,0.9090909090909091,0.8712737127371274
resnet50_200K,finetune,linear,1.0,100,128,6467,0.44,0.779,0.365,0.883,0.641399416909621,0.43974147317887796,0.6280373831775701,0.9161016949152543,0.6927835051546392,output/mes/models/resnet50_200K/0/linear/20260610_190337,0.9367088607594937,0.14224137931034483,0.16554054054054054,0.5439330543933054,0.5684485006518905,0.9811193526635199,0.9316420014094433,0.8922764227642277
resnet50_1M,finetune,linear,1.0,100,128,6467,0.449,0.76,0.387,0.89,0.6349854227405248,0.44872041867065654,0.5887850467289719,0.8974576271186441,0.6488156539649845,output/mes/models/resnet50_1M/0/linear/20260610_191953,0.9187763713080169,0.15948275862068967,0.22297297297297297,0.4811715481171548,0.546284224250326,0.9844908968307485,0.9295278365045807,0.8949864498644986
efficientnetb0,finetune,linear,1.0,100,256,6467,0.198,0.556,0.208,0.607,0.20583090379008748,0.19833200436851656,0.6766355140186916,0.23135593220338982,0.401330376940133,output/mes/models/efficientnetb0/0/linear/20260610_193826,0.0770042194092827,0.11206896551724138,0.5844594594594594,0.3389121338912134,0.8878748370273793,0.8240053944706676,0.4700493305144468,0.8218157181571816
resnet50_5M,finetune,linear,1.0,100,128,6467,0.414,0.748,0.297,0.854,0.6262390670553936,0.41476372752367496,0.577570093457944,0.8932203389830509,0.6371134020618556,output/mes/models/resnet50_5M/0/linear/20260610_192644,0.9356540084388185,0.1206896551724138,0.16216216216216217,0.46443514644351463,0.5514993481095176,0.98583951449764,0.9154334038054969,0.8943089430894309
resnet50_imagenet,finetune,linear,1.0,100,256,6467,0.31,0.674,0.473,0.806,0.3510204081632653,0.31043418154955676,0.8448598130841122,0.3169491525423729,0.5041829336307864,output/mes/models/resnet50_imagenet/0/linear/20260610_195226,0.2858649789029536,0.07758620689655173,0.4560810810810811,0.7447698744769874,0.8135593220338984,0.983142279163857,0.6145172656800564,0.7303523035230353
vits16_gastronet,finetune,linear,1.0,100,256,6467,0.507,0.799,0.535,0.861,0.6682215743440233,0.5075346371627122,0.5962616822429907,0.9177966101694915,0.6708727655099895,output/mes/models/vits16_gastronet/0/linear/20260610_200259,0.9314345991561181,0.24568965517241378,0.2635135135135135,0.5355648535564853,0.5801825293350718,0.9750505731625084,0.9400986610288936,0.9153116531165312
vits16_imagenet,finetune,linear,1.0,100,256,6467,0.384,0.748,0.387,0.866,0.602332361516035,0.3846077343487886,0.4504672897196262,0.9093220338983051,0.5458663646659117,output/mes/models/vits16_imagenet/0/linear/20260610_194813,0.9240506329113924,0.09051724137931035,0.18243243243243243,0.34309623430962344,0.44198174706649285,0.9716790289952798,0.930937279774489,0.9227642276422764
resnet50_200K,finetune,linear,1.0,100,256,6467,0.49,0.735,0.585,0.902,0.6454810495626823,0.48988133885805424,0.6411214953271028,0.8872881355932203,0.6785361028684471,output/mes/models/resnet50_200K/0/linear/20260610_202010,0.8945147679324894,0.2413793103448276,0.25,0.5397489539748954,0.5997392438070405,0.9811193526635199,0.9126145172656801,0.8990514905149052
resnet50_1M,finetune,linear,1.0,100,256,6467,0.458,0.767,0.533,0.927,0.6402332361516035,0.4582271419101692,0.5551401869158878,0.9271186440677966,0.6470588235294118,output/mes/models/resnet50_1M/0/linear/20260610_202032,0.930379746835443,0.20689655172413793,0.19594594594594594,0.4602510460251046,0.5202086049543677,0.9770734996628456,0.937984496124031,0.9139566395663956
resnet50_5M,finetune,linear,1.0,100,256,6467,0.441,0.73,0.6,0.852,0.6256559766763848,0.4419056638271354,0.5682242990654206,0.8771186440677966,0.6178861788617886,output/mes/models/resnet50_5M/0/linear/20260610_203805,0.9113924050632911,0.1896551724137931,0.21283783783783783,0.42677824267782427,0.5736636245110821,0.9790964261631827,0.9013389711064129,0.9024390243902439
vits16_imagenet,finetune,linear,1.0,100,364,6467,0.262,0.535,0.303,0.537,0.2868804664723032,0.26155623584929194,0.680373831775701,0.3525423728813559,0.4377630787733013,output/mes/models/vits16_imagenet/0/linear/20260610_205433,0.2542194092827004,0.09482758620689655,0.35135135135135137,0.5230125523012552,0.7131681877444589,0.9298718813216453,0.5849189570119803,0.7899728997289973
resnet50_imagenet,finetune,linear,1.0,100,364,6467,0.365,0.703,0.51,0.79,0.3947521865889213,0.3662907283166135,0.8336448598130841,0.40423728813559323,0.5296912114014252,output/mes/models/resnet50_imagenet/0/linear/20260610_210350,0.33544303797468356,0.1896551724137931,0.49324324324324326,0.7071129707112971,0.8422425032594524,0.9440323668240054,0.6582100070472163,0.763550135501355
efficientnetb0,finetune,linear,1.0,100,364,6467,0.39,0.699,0.285,0.88,0.5994169096209913,0.3905507821276641,0.35514018691588783,0.9254237288135593,0.46740467404674046,output/mes/models/efficientnetb0/0/linear/20260610_204305,0.9240506329113924,0.23275862068965517,0.13175675675675674,0.24686192468619247,0.4511082138200782,0.9420094403236683,0.9295278365045807,0.94579945799458
vits16_gastronet,finetune,linear,1.0,100,364,6467,0.402,0.767,0.311,0.834,0.611661807580175,0.4022398945942397,0.45607476635514016,0.9161016949152543,0.5558086560364465,output/mes/models/vits16_gastronet/0/linear/20260610_211417,0.9345991561181435,0.13793103448275862,0.20608108108108109,0.2928870292887029,0.44198174706649285,0.9824679703304113,0.9154334038054969,0.9376693766937669
resnet50_200K,finetune,linear,1.0,100,364,6467,0.459,0.75,0.374,0.899,0.6431486880466473,0.4588128696399546,0.6149532710280374,0.9211864406779661,0.6875653082549634,output/mes/models/resnet50_200K/0/linear/20260610_212251,0.9261603375527426,0.21551724137931033,0.14864864864864866,0.5481171548117155,0.5541069100391134,0.9844908968307485,0.9436222692036645,0.8868563685636857
resnet50_1M,finetune,linear,1.0,100,364,6467,0.439,0.741,0.533,0.847,0.6145772594752187,0.4390478301056624,0.5887850467289719,0.8762711864406779,0.6325301204819277,output/mes/models/resnet50_1M/0/linear/20260610_213050,0.8786919831223629,0.2025862068965517,0.15202702702702703,0.5397489539748954,0.5645371577574967,0.9730276466621712,0.9210711768851304,0.8814363143631436
resnet50_5M,finetune,linear,1.0,100,364,6467,0.434,0.726,0.452,0.888,0.641399416909621,0.43538035993534885,0.577570093457944,0.9042372881355932,0.64576802507837,output/mes/models/resnet50_5M/0/linear/20260610_214255,0.9472573839662447,0.125,0.21283783783783783,0.4602510460251046,0.5541069100391134,0.9838165879973028,0.9274136715997181,0.9010840108401084
vits16_imagenet,finetune,linear,1.0,100,420,6467,0.353,0.751,0.215,0.874,0.6081632653061224,0.35376625284411234,0.38878504672897196,0.9338983050847458,0.5066991473812423,output/mes/models/vits16_imagenet/0/linear/20260610_220044,0.9704641350210971,0.04741379310344827,0.1891891891891892,0.23430962343096234,0.38070404172099087,0.9844908968307485,0.9443269908386187,0.9356368563685636
efficientnetb0,finetune,linear,1.0,100,420,6467,0.424,0.74,0.285,0.88,0.6215743440233236,0.42462478560391714,0.3813084112149533,0.938135593220339,0.5024630541871922,output/mes/models/efficientnetb0/0/linear/20260610_214803,0.9419831223628692,0.23275862068965517,0.20945945945945946,0.2384937238493724,0.41851368970013036,0.9696561024949427,0.9330514446793516,0.9573170731707317
resnet50_imagenet,finetune,linear,1.0,100,420,6467,0.282,0.628,0.187,0.774,0.34752186588921286,0.282704520201395,0.8186915887850468,0.44745762711864406,0.5390769230769231,output/mes/models/resnet50_imagenet/0/linear/20260610_222115,0.3575949367088608,0.17672413793103448,0.08783783783783784,0.7949790794979079,0.8252933507170795,0.9251517194875253,0.8893587033121917,0.5142276422764228
vits16_gastronet,finetune,linear,1.0,100,420,6467,0.46,0.789,0.502,0.864,0.6530612244897959,0.46026687901860974,0.6429906542056075,0.9033898305084745,0.6928499496475328,output/mes/models/vits16_gastronet/0/linear/20260610_222355,0.9335443037974683,0.23275862068965517,0.0945945945945946,0.6401673640167364,0.6271186440677966,0.978422117329737,0.9337561663143058,0.8760162601626016
resnet50_200K,finetune,linear,1.0,100,420,6467,0.435,0.736,0.597,0.868,0.6262390670553936,0.4352461825467425,0.5738317757009346,0.9050847457627119,0.6436058700209644,output/mes/models/resnet50_200K/0/linear/20260610_223106,0.9208860759493671,0.1896551724137931,0.17567567567567569,0.4393305439330544,0.5514993481095176,0.9763991908293999,0.9203664552501761,0.8990514905149052
resnet50_1M,finetune,linear,1.0,100,420,6467,0.438,0.77,0.521,0.896,0.636734693877551,0.4386146624452442,0.6205607476635514,0.9169491525423729,0.6880829015544041,output/mes/models/resnet50_1M/0/linear/20260610_225541,0.9272151898734177,0.13793103448275862,0.17567567567567569,0.5397489539748954,0.5514993481095176,0.9797707349966285,0.9365750528541226,0.8922764227642277
resnet50_5M,finetune,linear,1.0,100,420,6467,0.416,0.745,0.452,0.857,0.6297376093294461,0.41650190590809594,0.5813084112149532,0.8720338983050847,0.6238716148445336,output/mes/models/resnet50_5M/0/linear/20260610_225744,0.9261603375527426,0.04741379310344827,0.3108108108108108,0.41422594142259417,0.5449804432855281,0.9898853674983142,0.8942917547568711,0.9180216802168022
